﻿<?xml version="1.0" encoding="UTF-8" standalone="yes"?>
<addon id="plugin.video.muchmovies.hd" name="Much Movies HD" version="1.5.5" provider-name="lambda">
	<requires>
		<import addon="xbmc.python" version="2.1.0"/>
		<import addon="script.module.metahandler" version="1.0.0"/>
		<import addon="script.module.simplejson" version="2.0.10"/>
		<import addon="script.common.plugin.cache" version="0.9.1"/>
		<import addon="script.module.parsedom" version="0.9.1"/>
		<import addon="plugin.video.youtube" version="2.9.2"/>
	</requires>
	<extension point="xbmc.python.pluginsource" library="default.py">
		<provides>video</provides>
	</extension>
	<extension point="xbmc.addon.metadata">
		<summary lang="en">Watch a wide selection of movies from muchmovies.org</summary>
		<description lang="en">Watch a wide selection of movies from muchmovies.org</description>
		<summary lang="el">Παρακολουθήστε μια ευρεία συλλογή ταινιών από το muchmovies.org</summary>
		<description lang="el">Παρακολουθήστε μια ευρεία συλλογή ταινιών από το muchmovies.org</description>
		<summary lang="fr">Regardez des films en version originale (Anglais)</summary>
		<description lang="fr">Regardez des films en version originale (Anglais)</description>
		<summary lang="nl">Bekijk Speelfilms vanaf muchmovies.org</summary>
		<description lang="nl">Bekijk Speelfilms vanaf muchmovies.org</description>
		<summary lang="pl">Oglądaj filmy z muchmovies.org</summary>
		<description lang="pl">Oglądaj filmy z muchmovies.org</description>
		<summary lang="pt">Assistir a uma vasta selecção de filmes do site muchmovies.org</summary>
		<description lang="pt">Assistir a uma vasta selecção de filmes do site muchmovies.org</description>
		<summary lang="pt_BR">Assistir a uma vasta selecção de filmes do site muchmovies.org</summary>
		<description lang="pt_BR">Assistir a uma vasta selecção de filmes do site muchmovies.org</description>
		<summary lang="ro">Urmărește filme de muchmovies.org</summary>
		<description lang="ro">Urmărește filme de muchmovies.org</description>
		<disclaimer lang="en">The author does not host or distribute any of the content displayed by this addon. The author does not have any affiliation with the content provider.</disclaimer>
		<forum>http://www.xbmchub.com/forums/lambdas-xbmc-repository/</forum>
		<source>https://github.com/lambda81/lambda-xbmc-addons</source>
		<website>http://www.xbmchub.com/</website>
		<platform>all</platform>
	</extension>
</addon>